Company name,Website,Service focus.
WebFX,https://www.webfx.com/lp/seo-services/?utm_source=referral&utm_medium=clutch&utm_campaign=profile,70% Search Engine Optimization
Ignite Visibility,https://ignitevisibility.com/,60% Search Engine Optimization
SmartSites,https://www.smartsites.com/lp/digital-marketing-lp/?utm_source=clutch.co&utm_medium=referral&utm_campaign=us-agencies-digital-marketing,35% Pay Per Click
Thrive Internet Marketing Agency,https://thriveagency.com/?utm_source=clutch.co&utm_medium=referral&utm_campaign=us-digital-marketing,70% Search Engine Optimization
Lilo Social,https://lilosocial.com/?utm_source=clutch.co&utm_medium=referral&utm_campaign=us-digital-marketing,50% Social Media Marketing
NEWMEDIA.COM,https://newmedia.com/?utm_source=clutch.co&utm_medium=referral&utm_campaign=us-agencies-digital-marketing,15% Search Engine Optimization
Funnel Boost Media,https://www.funnelboostmedia.net/clutch/?utm_source=clutch.co&utm_medium=referral&utm_campaign=us-agencies-digital-marketing,70% Search Engine Optimization
Direct Online Marketing,https://www.directom.com/?utm_source=clutch&utm_medium=referral,30% Pay Per Click
SeedX Inc.,https://seedx.us/?utm_source=clutch.co&utm_medium=referral&utm_campaign=directory,15% Advertising
Impactable,https://impactable.com/paid-ads/?&utm_source=clutch&utm_medium=clutch&utm_campaign=clutch_sponsored,25% Pay Per Click
Mad Fish Digital,https://www.madfishdigital.com/?utm_source=clutch.co&utm_medium=referral&utm_campaign=us-agencies-digital-marketing,35% Search Engine Optimization
Brolik,https://grow.brolik.com/get-started/?utm_source=clutch&utm_medium=referral&utm_campaign=directory,20% Digital Strategy
Social Link,https://sociallink.com/?utm_source=clutch.co&utm_medium=referral&utm_campaign=us-digital-marketing-agencies,20% Social Media Marketing
ONE18MEDIA,https://one18media.com?utm_source=clutch.co&utm_medium=referral&utm_campaign=us-agencies-digital-marketing,20% Digital Strategy
Rankings.io,https://rankings.io?utm_source=clutch.co&utm_medium=referral&utm_campaign=us-agencies-digital-marketing,80% Search Engine Optimization
Division of Labor,https://divisionoflabor.com/?utm_source=clutch.co&utm_medium=referral&utm_campaign=us-agencies-digital-marketing,30% Digital Strategy
Bolder & Co. Creative Studios,https://boldercreative.com/,20% Branding
Digital Ink,https://digitalinkco.com?utm_source=clutch.co&utm_medium=referral&utm_campaign=us-agencies-digital-marketing,30% Branding
Fruition,https://fruition.net/services/digital-marketing/?utm_source=clutch.co&utm_medium=referral&utm_campaign=us-agencies-digital-marketing,20% Pay Per Click
TribalVision,https://tribalvision.com/boston-ad-agency/?utm_source=clutch.co&utm_medium=sponsorship&utm_campaign=national-landing-page,25% Marketing Strategy
Sagefrog Marketing Group,http://www.sagefrog.com/?utm_source=clutch.co&utm_medium=referral,25% Marketing Strategy
Harvest Growth,https://www.harvestgrowth.com/cl-digital/?utm_source=clutch.co&utm_medium=referral&utm_campaign=us-agencies-digital-marketing,50% Social Media Marketing
Booyah Advertising,https://www.booyahadvertising.com/?utm_source=clutch.co&utm_medium=referral&utm_campaign=us-agencies-digital-marketing,25% Media Planning & Buying
August Ash,https://augustash.com/?utm_source=clutch.co&utm_medium=referral&utm_campaign=us-agencies-digital-marketing,20% Digital Strategy
SLT Consulting,https://www.sltconsulting.co/?utm_source=clutch.co&utm_medium=referral&utm_campaign=directory,35% Pay Per Click
Hotspex Media,https://hotspexmedia.com/services/digital-advertising/?utm_source=clutch.co&utm_medium=referral&utm_campaign=us-agencies-digital-marketing,55% Media Planning & Buying
Social Driver,http://www.socialdriver.com/?utm_source=clutch.co&utm_medium=referral&utm_campaign=directory,30% Social Media Marketing
Effective Marketing,http://effectivemc.com/?utm_source=clutch.co&utm_medium=referral,25% Media Planning & Buying
Fresh Content Society,https://freshcontentsociety.com/?utm_source=clutch.co&utm_medium=referral&utm_campaign=us-agencies-digital-marketing,80% Social Media Marketing
Bastion Amplify,https://www.bastionelevate.com?utm_source=clutch.co&utm_medium=referral&utm_campaign=us-agencies-digital-marketing,30% Public Relations
Magnetude Consulting,https://magnetudeconsulting.com/?utm_source=clutch.co&utm_medium=referral&utm_campaign=us-agencies-digital-marketing,25% Marketing Strategy
"Cozy Design, Inc.",https://www.cozydesign.com/?utm_source=clutch.co&utm_medium=referral&utm_campaign=us-agencies-digital-marketing,30% UX/UI Design
Bujou Studios,http://www.bujou.ca/?utm_source=clutch.co&utm_medium=referral&utm_campaign=clutch-main-link,40% Social Media Marketing
3rd + Lamar,https://3rdandlamar.com/?utm_source=clutch.co&utm_medium=referral&utm_campaign=us-agencies-digital-marketing,30% Social Media Marketing
Mighty Fine,https://mightyfinedesign.co/?utm_source=clutch.co&utm_medium=referral&utm_campaign=us-agencies-digital-marketing,30% Web Design
BigOrange.Marketing,https://bigorange.marketing/?utm_source=clutch.co&utm_medium=referral&utm_campaign=us-agencies-digital-marketing,25% Digital Strategy
Search Engine Projects,https://www.searchengineprojects.com/?utm_source=clutch.co&utm_medium=referral&utm_campaign=us-agencies-digital-marketing,45% Search Engine Optimization
Verbsz Marketing,https://www.verbszmarketing.com/?utm_source=clutch.co&utm_medium=referral&utm_campaign=directory,20% Search Engine Optimization
PropeloMedia,https://propelomedia.com/?utm_source=clutch.co&utm_medium=sponsored&utm_campaign=topdigitalmarketingusa,75% Direct Marketing
KBF Marketing,http://kbfmarketing.com/?utm_source=clutch.co&utm_medium=referral&utm_campaign=directory,35% Digital Strategy
Marketing Empire Group,https://www.marketingempiregroup.com//?utm_source=clutch.co&utm_medium=referral&utm_campaign=directory,15% Advertising
Gravitate,https://www.gravitatedesign.com/?utm_source=clutch.co&utm_medium=referral&utm_campaign=us-agencies-digital-marketing,25% Web Design
Connect 4 Web Design,https://connect4webdesign.com/?utm_source=clutch.co&utm_medium=referral&utm_campaign=us-agencies-digital-marketing,15% Advertising
Hylink Digital,http://www.hylink.com/?utm_source=clutch.co&utm_medium=referral&utm_campaign=us-agencies-digital-marketing,20% Digital Strategy
True Impact Partners,https://trueimpactpartners.com/?utm_source=clutch.co&utm_medium=referral&utm_campaign=us-agencies-digital-marketing,50% Web Design
Power Digital,https://powerdigitalmarketing.com/clutch/,30% Pay Per Click
Belkins,https://belkins.io/?utm_source=clutch.co&utm_medium=referral,75% Sales Outsourcing
Siege Media,https://siegemedia.com/?utm_source=clutch.co&utm_medium=referral&utm_campaign=us-agencies-digital-marketing,85% Content Marketing
REQ,https://req.co/?utm_source=clutch.co&utm_medium=referral,40% Advertising
Idea Grove,https://www.ideagrove.com/clutch,30% Public Relations
